model_name,mae,rmse,r2,num_features
Engineered Linear Regression,86.20943931588612,141.3934501055762,0.4461034050388385,5
