{
  "decision_tree": {
    "mae": 139.80277697153423,
    "rmse": 213.44658591121814,
    "r2": 0.6105507640411244
  },
  "elasticnet": {
    "mae": 163.59621468382642,
    "rmse": 251.25289199506054,
    "r2": 0.4603718839004942
  }
}