{
  "model": "DecisionTreeRegressor",
  "params": {
    "max_depth": 3,
    "min_samples_leaf": 1,
    "min_samples_split": 2,
    "random_state": 42
  },
  "mae": 139.80277697153423,
  "rmse": 213.44658591121814,
  "r2": 0.6105507640411244,
  "n_rows_total": 159,
  "n_train": 127,
  "n_test": 32
}