{
  "split": {
    "test_size": 0.2,
    "random_state": 42,
    "n_train": 127,
    "n_test": 32
  },
  "models": {
    "decision_tree_tuned": {
      "train": {
        "mae": 75.49907770816574,
        "rmse": 111.89377127184241,
        "r2": 0.7553581854790997
      },
      "test": {
        "mae": 139.80277697153423,
        "rmse": 213.44658591121814,
        "r2": 0.6105507640411244
      },
      "overfit_signals": {
        "r2_gap_train_minus_test": 0.14480742143797531,
        "rmse_ratio_test_over_train": 1.9075823746494016
      }
    }
  }
}