{
  "target_col": "hri_value",
  "feature_cols": [
    "max_temp_celsius",
    "min_temp_celsius",
    "feat_poverty_rate",
    "feat_unemployment_rate",
    "feat_median_hh_income",
    "feat_total_population",
    "overall_homeless"
  ],
  "n_train_synthetic": 2000,
  "n_test_real": 1460,
  "train_on_synthetic": {
    "mae": 96.29114319375425,
    "rmse": 158.16011152715012,
    "r2": 0.3847597689816451
  },
  "test_on_real": {
    "mae": 105.6483774339534,
    "rmse": 165.27949371568056,
    "r2": 0.2431530595760606
  },
  "model_params": {
    "max_depth": 5,
    "min_samples_leaf": 9,
    "min_samples_split": 2,
    "random_state": 42,
    "excluded_features": [
      "unsheltered_homeless"
    ]
  },
  "feature_importances": {
    "max_temp_celsius": 0.8048486985075896,
    "min_temp_celsius": 0.09942881002928312,
    "feat_poverty_rate": 0.0,
    "feat_unemployment_rate": 0.012112615621986936,
    "feat_median_hh_income": 0.005178707247575302,
    "feat_total_population": 0.0,
    "overall_homeless": 0.07843116859356519
  },
  "mae": 105.6483774339534,
  "rmse": 165.27949371568056,
  "r2": 0.2431530595760606
}