{
  "target_col": "hri_value",
  "feature_cols": [
    "min_temp_celsius",
    "feat_total_population",
    "unsheltered_homeless"
  ],
  "n_train_synthetic": 2000,
  "n_test_real": 1460,
  "train_on_synthetic": {
    "mae": 100.41983378973782,
    "rmse": 162.21297876874593,
    "r2": 0.35282460063975696
  },
  "test_on_real": {
    "mae": 91.7907088547324,
    "rmse": 152.93617136930862,
    "r2": 0.3519768222478519
  },
  "model_params": {
    "max_depth": 5,
    "min_samples_leaf": 9,
    "min_samples_split": 2,
    "random_state": 42,
    "excluded_features": [
      "max_temp_celsius",
      "feat_unemployment_rate",
      "feat_poverty_rate",
      "overall_homeless",
      "feat_median_hh_income"
    ]
  },
  "feature_importances": {
    "min_temp_celsius": 0.8979187361129584,
    "feat_total_population": 0.044620955687287675,
    "unsheltered_homeless": 0.057460308199753965
  },
  "mae": 91.7907088547324,
  "rmse": 152.93617136930862,
  "r2": 0.3519768222478519
}