{
  "target_col": "hri_value",
  "feature_cols": [
    "max_temp_celsius",
    "min_temp_celsius",
    "feat_median_hh_income",
    "feat_total_population",
    "overall_homeless",
    "unsheltered_homeless"
  ],
  "n_train_synthetic": 2000,
  "n_test_real": 1460,
  "train_on_synthetic": {
    "mae": 96.29114319375425,
    "rmse": 158.16011152715012,
    "r2": 0.3847597689816451
  },
  "test_on_real": {
    "mae": 104.07788184020067,
    "rmse": 163.7532165987368,
    "r2": 0.2570667578045901
  },
  "model_params": {
    "max_depth": 5,
    "min_samples_leaf": 9,
    "min_samples_split": 2,
    "random_state": 42,
    "excluded_features": [
      "feat_poverty_rate",
      "feat_unemployment_rate"
    ]
  },
  "feature_importances": {
    "max_temp_celsius": 0.8048486985075896,
    "min_temp_celsius": 0.09942881002928312,
    "feat_median_hh_income": 0.0,
    "feat_total_population": 0.01729132286956224,
    "overall_homeless": 0.060808556674097757,
    "unsheltered_homeless": 0.017622611919467426
  },
  "mae": 104.07788184020067,
  "rmse": 163.7532165987368,
  "r2": 0.2570667578045901
}