{
  "target_col": "hri_value",
  "feature_cols": [
    "feat_median_hh_income",
    "feat_total_population",
    "unsheltered_homeless"
  ],
  "n_train_synthetic": 2000,
  "n_test_real": 1460,
  "train_on_synthetic": {
    "mae": 134.44111862909764,
    "rmse": 198.38699847926142,
    "r2": 0.03199585941209415
  },
  "test_on_real": {
    "mae": 139.34755645829043,
    "rmse": 195.8569670007296,
    "r2": -0.06279171837882491
  },
  "model_params": {
    "max_depth": 5,
    "min_samples_leaf": 9,
    "min_samples_split": 2,
    "random_state": 42,
    "excluded_features": [
      "max_temp_celsius",
      "feat_unemployment_rate",
      "feat_poverty_rate",
      "overall_homeless",
      "min_temp_celsius"
    ]
  },
  "feature_importances": {
    "feat_median_hh_income": 0.14019958765933033,
    "feat_total_population": 0.22809963733457783,
    "unsheltered_homeless": 0.6317007750060919
  },
  "mae": 139.34755645829043,
  "rmse": 195.8569670007296,
  "r2": -0.06279171837882491
}