{
  "target_col": "hri_value",
  "feature_cols": [
    "feat_median_hh_income",
    "feat_total_population",
    "overall_homeless",
    "unsheltered_homeless"
  ],
  "n_train_synthetic": 2000,
  "n_test_real": 1460,
  "train_on_synthetic": {
    "mae": 134.49567661640037,
    "rmse": 198.313182762081,
    "r2": 0.032716074216013746
  },
  "test_on_real": {
    "mae": 138.2788722788134,
    "rmse": 195.87049919979077,
    "r2": -0.06293858480030745
  },
  "model_params": {
    "max_depth": 5,
    "min_samples_leaf": 9,
    "min_samples_split": 2,
    "random_state": 42,
    "excluded_features": [
      "max_temp_celsius",
      "feat_unemployment_rate",
      "feat_poverty_rate",
      "min_temp_celsius"
    ]
  },
  "feature_importances": {
    "feat_median_hh_income": 0.1255612224972333,
    "feat_total_population": 0.2672240931437811,
    "overall_homeless": 0.34194185168937075,
    "unsheltered_homeless": 0.265272832669615
  },
  "mae": 138.2788722788134,
  "rmse": 195.87049919979077,
  "r2": -0.06293858480030745
}