{
  "target_col": "hri_value",
  "feature_cols": [
    "min_temp_celsius",
    "feat_median_hh_income",
    "feat_total_population",
    "overall_homeless"
  ],
  "n_train_synthetic": 2000,
  "n_test_real": 1460,
  "train_on_synthetic": {
    "mae": 99.61087264723781,
    "rmse": 161.84609165101512,
    "r2": 0.3557488031544914
  },
  "test_on_real": {
    "mae": 92.46323569132034,
    "rmse": 155.91015742217394,
    "r2": 0.32652894959960865
  },
  "model_params": {
    "max_depth": 5,
    "min_samples_leaf": 9,
    "min_samples_split": 2,
    "random_state": 42,
    "excluded_features": [
      "max_temp_celsius",
      "feat_unemployment_rate",
      "feat_poverty_rate",
      "unsheltered_homeless"
    ]
  },
  "feature_importances": {
    "min_temp_celsius": 0.9162845427735604,
    "feat_median_hh_income": 0.027211783806655083,
    "feat_total_population": 0.013396087451405895,
    "overall_homeless": 0.043107585968378576
  },
  "mae": 92.46323569132034,
  "rmse": 155.91015742217394,
  "r2": 0.32652894959960865
}