{
  "train_metrics": {
    "mae": 53.01334833145857,
    "rmse": 76.21434379334391,
    "r2": 0.8865009319492507
  },
  "test_metrics": {
    "mae": 155.86004464285713,
    "rmse": 212.07362698371708,
    "r2": 0.6155447828174265
  },
  "interpretation_hint": "Large train-test gap suggests overfitting; both low scores suggest underfitting."
}