{
  "model_type": "LinearRegression",
  "target_col": "hri_value",
  "feature_cols": [
    "min_temp_celsius",
    "feat_median_hh_income",
    "feat_total_population",
    "unsheltered_homeless"
  ],
  "n_train_synthetic": 2000,
  "n_test_real": 1460,
  "train_on_synthetic": {
    "mae": 114.39593031335426,
    "rmse": 174.90054793907362,
    "r2": 0.24762710442221514
  },
  "test_on_real": {
    "mae": 98.94897582813434,
    "rmse": 149.16420706719046,
    "r2": 0.3835478670950767
  },
  "model_params": {
    "random_state": 42,
    "include_regionid": false,
    "excluded_features": [
      "max_temp_celsius",
      "feat_unemployment_rate",
      "feat_poverty_rate",
      "overall_homeless"
    ]
  },
  "intercept": 945.3248873665448,
  "coefficients": {
    "min_temp_celsius": 10.268020347991087,
    "feat_median_hh_income": 0.0014285375978522613,
    "feat_total_population": -1.88264421196658e-05,
    "unsheltered_homeless": -4.52389416269423e-05
  },
  "mae": 98.94897582813434,
  "rmse": 149.16420706719046,
  "r2": 0.3835478670950767
}