{
  "selection_rule": "min test_rmse, then max test_r2, then min train_test_r2_gap",
  "best_params": {
    "max_depth": 10,
    "min_samples_leaf": 1,
    "min_samples_split": 2,
    "random_state": 42
  },
  "best_metrics": {
    "train_mae": 0.17847769028871383,
    "test_mae": 131.0625,
    "train_rmse": 1.3300484470090088,
    "test_rmse": 169.49225646028788,
    "train_r2": 0.9999654336289943,
    "test_r2": 0.7544317847146953,
    "r2_gap_train_minus_test": 0.24553364891429896,
    "rmse_ratio_test_over_train": 127.43314489140549
  },
  "total_combinations_tested": 200
}