feat_mean_tmax_c_week,feat_max_tmax_c_week,feat_temp_range_c_week,feat_heat_intensity,feat_poverty_rate,feat_unemployment_rate,feat_median_hh_income,feat_total_population
26.457142857142856,33.025,11.625,6.567857142857143,0.1437540670588942,0.066437856629778,65780.75,50440323
31.25,33.0,6.625,1.75,0.1437540670588942,0.066437856629778,65780.75,50440323
28.957142857142856,30.174999999999997,2.8749999999999964,1.2178571428571416,0.1437540670588942,0.066437856629778,65780.75,50440323
28.92142857142857,30.25,2.4250000000000007,1.3285714285714292,0.1437540670588942,0.066437856629778,65780.75,50440323
31.175,33.525,4.649999999999999,2.349999999999998,0.1437540670588942,0.066437856629778,65780.75,50440323
