{
  "real_path": "/Users/brucewayne/Documents/ML/Final Project/ProjectV2_Region9_Final/data/final_hri_modeling_dataset.csv",
  "synthetic_path": "/Users/brucewayne/Documents/ML/Final Project/ProjectV2_Region9_Final/data/synthetic_hri_dataset_fixed.csv",
  "n_real": 1460,
  "n_synthetic": 2000,
  "common_numeric_features": [
    "feat_median_hh_income",
    "feat_poverty_rate",
    "feat_total_population",
    "feat_unemployment_rate",
    "max_temp_celsius",
    "min_temp_celsius",
    "overall_homeless",
    "unsheltered_homeless"
  ],
  "only_in_real": [],
  "only_in_synthetic": [],
  "target": {
    "real": {
      "count": 1460,
      "min": 0.0,
      "p25": 9.0,
      "p50": 29.0,
      "p75": 166.0,
      "max": 1633.0,
      "mean": 121.8890410958904,
      "std": 190.04818483673517
    },
    "synthetic": {
      "count": 2000,
      "min": 0.0,
      "p25": 9.0,
      "p50": 29.0,
      "p75": 167.0,
      "max": 1633.0,
      "mean": 128.806,
      "std": 201.68945853177706
    }
  },
  "features": {
    "feat_median_hh_income": {
      "real": {
        "count": 1460,
        "min": 65780.75,
        "p25": 68955.0,
        "p50": 75925.25,
        "p75": 86771.0,
        "max": 89433.75,
        "mean": 77294.45068493151,
        "std": 8498.602601597691
      },
      "synthetic": {
        "count": 2000,
        "min": 65780.75,
        "p25": 71354.25,
        "p50": 82736.5,
        "p75": 86771.0,
        "max": 89433.75,
        "mean": 78938.9825,
        "std": 8257.888493650664
      }
    },
    "feat_poverty_rate": {
      "real": {
        "count": 1460,
        "min": 0.120455594,
        "p25": 0.120613729,
        "p50": 0.123822999,
        "p75": 0.13487497,
        "max": 0.143754067,
        "mean": 0.1275387592849315,
        "std": 0.008078667208494853
      },
      "synthetic": {
        "count": 2000,
        "min": 0.120455594,
        "p25": 0.122209383,
        "p50": 0.127143061,
        "p75": 0.13487497,
        "max": 0.143754067,
        "mean": 0.1287904746695,
        "std": 0.008256543712049216
      }
    },
    "feat_total_population": {
      "real": {
        "count": 1460,
        "min": 50440323.0,
        "p25": 50728272.0,
        "p50": 51047292.0,
        "p75": 51097595.0,
        "max": 51296062.0,
        "mean": 50952329.44657534,
        "std": 261201.39103391857
      },
      "synthetic": {
        "count": 2000,
        "min": 50440323.0,
        "p25": 50970442.0,
        "p50": 51083792.0,
        "p75": 51097595.0,
        "max": 51296062.0,
        "mean": 51000151.5035,
        "std": 241388.53561829726
      }
    },
    "feat_unemployment_rate": {
      "real": {
        "count": 1460,
        "min": 0.059930489,
        "p25": 0.061154306,
        "p50": 0.062661603,
        "p75": 0.064024887,
        "max": 0.066437857,
        "mean": 0.06289505892328766,
        "std": 0.0019516021089055324
      },
      "synthetic": {
        "count": 2000,
        "min": 0.059930489,
        "p25": 0.062331384,
        "p50": 0.063729376,
        "p75": 0.064024887,
        "max": 0.066437857,
        "mean": 0.0632504624565,
        "std": 0.001905044415361222
      }
    },
    "max_temp_celsius": {
      "real": {
        "count": 1460,
        "min": -5.5,
        "p25": 20.075000000000003,
        "p50": 27.2,
        "p75": 32.8,
        "max": 43.3,
        "mean": 25.644931506849314,
        "std": 9.294509367463762
      },
      "synthetic": {
        "count": 2000,
        "min": -4.5,
        "p25": 19.8,
        "p50": 26.0,
        "p75": 31.924999999999997,
        "max": 43.3,
        "mean": 25.907700000000002,
        "std": 8.935759319011655
      }
    },
    "min_temp_celsius": {
      "real": {
        "count": 1460,
        "min": -26.0,
        "p25": -5.25,
        "p50": 1.7,
        "p75": 12.2,
        "max": 24.4,
        "mean": 2.98972602739726,
        "std": 10.800250228437056
      },
      "synthetic": {
        "count": 2000,
        "min": -26.0,
        "p25": -3.4,
        "p50": 3.2,
        "p75": 10.1,
        "max": 28.9,
        "mean": 3.185,
        "std": 9.75696490626522
      }
    },
    "overall_homeless": {
      "real": {
        "count": 1460,
        "min": 11198.0,
        "p25": 24118.5,
        "p50": 46974.5,
        "p75": 76099.0,
        "max": 224813.0,
        "mean": 73903.76095890411,
        "std": 66154.93413259089
      },
      "synthetic": {
        "count": 2000,
        "min": 11198.0,
        "p25": 24118.5,
        "p50": 49612.0,
        "p75": 79024.0,
        "max": 224813.0,
        "mean": 75736.0735,
        "std": 67123.42483648303
      }
    },
    "unsheltered_homeless": {
      "real": {
        "count": 1460,
        "min": 1737.0,
        "p25": 7272.0,
        "p50": 18026.5,
        "p75": 35267.75,
        "max": 141325.0,
        "mean": 39366.35890410959,
        "std": 47474.305222716706
      },
      "synthetic": {
        "count": 2000,
        "min": 1737.0,
        "p25": 7272.0,
        "p50": 17912.0,
        "p75": 39158.0,
        "max": 141325.0,
        "mean": 40638.3565,
        "std": 48396.0380453571
      }
    }
  }
}